Code,Country Name,Proper Country Name
ocean,ocean,Ocean
sd,sd,Sudan
ss,ss,South Sudan
ge-,Georgia,Georgia
xa-,Abkhazia,Abkhazia
xa_,Abkhazia,Abkhazia
xo-,South Ossetia,South Ossetia
xo_,South Ossetia,South Ossetia
pe,pe,Peru
bf,bf,Burkina Faso
ly,ly,Libya
by,by,Belarus
pk-,Pakistan,Pakistan
xj,Pakistan,Pakistan
indonesia_new_guinea,Indonesia,Indonesia
indonesia_west_timor,Indonesia,Indonesia
indonesia_kalimantan,Indonesia,Indonesia
path2528,Indonesia,Indonesia
path2530,Indonesia,Indonesia
path2532,Indonesia,Indonesia
path2540,Indonesia,Indonesia
path2542,Indonesia,Indonesia
path2544,Indonesia,Indonesia
path2546,Indonesia,Indonesia
path2548,Indonesia,Indonesia
path2550,Indonesia,Indonesia
path2552,Indonesia,Indonesia
path2206,Indonesia,Indonesia
indonesia_sulawesi,Indonesia,Indonesia
path2366,Indonesia,Indonesia
path2368,Indonesia,Indonesia
path2370,Indonesia,Indonesia
path2372,Indonesia,Indonesia
path2378,Indonesia,Indonesia
path2386,Indonesia,Indonesia
path2388,Indonesia,Indonesia
path2394,Indonesia,Indonesia
path2396,Indonesia,Indonesia
path2398,Indonesia,Indonesia
path2400,Indonesia,Indonesia
path2404,Indonesia,Indonesia
path2408,Indonesia,Indonesia
path2414,Indonesia,Indonesia
path2416,Indonesia,Indonesia
path2418,Indonesia,Indonesia
path2422,Indonesia,Indonesia
path2424,Indonesia,Indonesia
path2426,Indonesia,Indonesia
path2428,Indonesia,Indonesia
path2432,Indonesia,Indonesia
path2434,Indonesia,Indonesia
path2438,Indonesia,Indonesia
path2440,Indonesia,Indonesia
path2442,Indonesia,Indonesia
path2444,Indonesia,Indonesia
path2446,Indonesia,Indonesia
path2452,Indonesia,Indonesia
path2454,Indonesia,Indonesia
path2456,Indonesia,Indonesia
path2458,Indonesia,Indonesia
path2462,Indonesia,Indonesia
path2464,Indonesia,Indonesia
path2466,Indonesia,Indonesia
path2468,Indonesia,Indonesia
path2470,Indonesia,Indonesia
path2474,Indonesia,Indonesia
path2478,Indonesia,Indonesia
path2482,Indonesia,Indonesia
path2484,Indonesia,Indonesia
path2486,Indonesia,Indonesia
path2488,Indonesia,Indonesia
path2490,Indonesia,Indonesia
path2494,Indonesia,Indonesia
path2496,Indonesia,Indonesia
path2500,Indonesia,Indonesia
path2506,Indonesia,Indonesia
path2508,Indonesia,Indonesia
path2510,Indonesia,Indonesia
path2522,Indonesia,Indonesia
path2346,Indonesia,Indonesia
path2278,Indonesia,Indonesia
indonesia_java,Indonesia,Indonesia
path2296,Indonesia,Indonesia
path2308,Indonesia,Indonesia
path2310,Indonesia,Indonesia
path2312,Indonesia,Indonesia
path2314,Indonesia,Indonesia
path2316,Indonesia,Indonesia
path2318,Indonesia,Indonesia
path2320,Indonesia,Indonesia
path2322,Indonesia,Indonesia
path2328,Indonesia,Indonesia
path2330,Indonesia,Indonesia
path2342,Indonesia,Indonesia
path2350,Indonesia,Indonesia
path2352,Indonesia,Indonesia
path2354,Indonesia,Indonesia
path2356,Indonesia,Indonesia
path2358,Indonesia,Indonesia
path2360,Indonesia,Indonesia
path2362,Indonesia,Indonesia
path2364,Indonesia,Indonesia
path2374,Indonesia,Indonesia
path2380,Indonesia,Indonesia
path2382,Indonesia,Indonesia
path2384,Indonesia,Indonesia
path2390,Indonesia,Indonesia
path2402,Indonesia,Indonesia
path2406,Indonesia,Indonesia
path2410,Indonesia,Indonesia
path2420,Indonesia,Indonesia
path2430,Indonesia,Indonesia
path2436,Indonesia,Indonesia
path2450,Indonesia,Indonesia
path2460,Indonesia,Indonesia
path2472,Indonesia,Indonesia
path2476,Indonesia,Indonesia
path2480,Indonesia,Indonesia
path2492,Indonesia,Indonesia
path2498,Indonesia,Indonesia
path2502,Indonesia,Indonesia
path2504,Indonesia,Indonesia
path2512,Indonesia,Indonesia
path2516,Indonesia,Indonesia
path2518,Indonesia,Indonesia
path2520,Indonesia,Indonesia
path2524,Indonesia,Indonesia
path2534,Indonesia,Indonesia
path2536,Indonesia,Indonesia
path2538,Indonesia,Indonesia
path2230,Indonesia,Indonesia
path2202,Indonesia,Indonesia
indonesia_sumatra,Indonesia,Indonesia
path2208,Indonesia,Indonesia
path2210,Indonesia,Indonesia
path2212,Indonesia,Indonesia
path2214,Indonesia,Indonesia
path2216,Indonesia,Indonesia
path2218,Indonesia,Indonesia
path2220,Indonesia,Indonesia
path2222,Indonesia,Indonesia
path2224,Indonesia,Indonesia
path2226,Indonesia,Indonesia
path2228,Indonesia,Indonesia
path2232,Indonesia,Indonesia
path2234,Indonesia,Indonesia
path2236,Indonesia,Indonesia
path2238,Indonesia,Indonesia
path2240,Indonesia,Indonesia
path2242,Indonesia,Indonesia
path2244,Indonesia,Indonesia
path2248,Indonesia,Indonesia
path2252,Indonesia,Indonesia
path2256,Indonesia,Indonesia
path2258,Indonesia,Indonesia
path2262,Indonesia,Indonesia
path2264,Indonesia,Indonesia
path2266,Indonesia,Indonesia
path2268,Indonesia,Indonesia
path2270,Indonesia,Indonesia
path2272,Indonesia,Indonesia
path2274,Indonesia,Indonesia
path2282,Indonesia,Indonesia
path2286,Indonesia,Indonesia
path2290,Indonesia,Indonesia
path2292,Indonesia,Indonesia
path2294,Indonesia,Indonesia
path2298,Indonesia,Indonesia
path2302,Indonesia,Indonesia
path2306,Indonesia,Indonesia
path2324,Indonesia,Indonesia
path2326,Indonesia,Indonesia
path2332,Indonesia,Indonesia
path2334,Indonesia,Indonesia
path2336,Indonesia,Indonesia
path2338,Indonesia,Indonesia
path2340,Indonesia,Indonesia
path2344,Indonesia,Indonesia
path2556,Indonesia,Indonesia
path2558,Indonesia,Indonesia
path2564,Indonesia,Indonesia
path2566,Indonesia,Indonesia
path2190,Yemen,Yemen
path2192,Yemen,Yemen
yemen_socotra,Yemen,Yemen
yemen_mainland,Yemen,Yemen
madagascar_island,Madagascar,Madagascar
madagascar_nosy_be,Madagascar,Madagascar
madagascar_nosy_boraha,Madagascar,Madagascar
path2375,"Bolivia, Plurinational State of",Plurinational State of Bolivia
path5225,"Bolivia, Plurinational State of",Plurinational State of Bolivia
rs-,Serbia,Serbia
xk-,Kosovo,Kosovo
xk_,Kosovo,Kosovo
ci,ci,Republic of C™te d'Ivoire (Ivory Coast)
dz,dz,Algeria
ch,ch,Switzerland
cm,cm,Cameroon
mk,mk,North Macedonia
bw,bw,Botswana
ke,ke,Kenya
jo,jo,Jordan
mexico_mainland,Mexico,Mexico
path2614,Mexico,Mexico
path2594,Mexico,Mexico
path2596,Mexico,Mexico
path2600,Mexico,Mexico
path2602,Mexico,Mexico
path2604,Mexico,Mexico
path2606,Mexico,Mexico
path2608,Mexico,Mexico
path2610,Mexico,Mexico
path2612,Mexico,Mexico
path2616,Mexico,Mexico
path2618,Mexico,Mexico
path2634,Mexico,Mexico
path2772,Mexico,Mexico
united_arab_emirates_abu_al_abyad,United Arab Emirates,United Arab Emirates (UAE)
united_arab_emirates_mainland,United Arab Emirates,United Arab Emirates (UAE)
belize_blackbird_cay,Belize,Belize
belize_mainland,Belize,Belize
brazil_mainland,Brazil,Brazil
path2886,Brazil,Brazil
path2814,Brazil,Brazil
path2816,Brazil,Brazil
path2846,Brazil,Brazil
path2848,Brazil,Brazil
path2818,Brazil,Brazil
path2820,Brazil,Brazil
path2822,Brazil,Brazil
path2824,Brazil,Brazil
path2826,Brazil,Brazil
path2828,Brazil,Brazil
path2830,Brazil,Brazil
path2832,Brazil,Brazil
path2834,Brazil,Brazil
path2836,Brazil,Brazil
path2838,Brazil,Brazil
brazil_marajo,Brazil,Brazil
path2842,Brazil,Brazil
path2844,Brazil,Brazil
path2850,Brazil,Brazil
path2852,Brazil,Brazil
path2854,Brazil,Brazil
path2856,Brazil,Brazil
path2858,Brazil,Brazil
path2860,Brazil,Brazil
path2862,Brazil,Brazil
path2864,Brazil,Brazil
path2866,Brazil,Brazil
path2872,Brazil,Brazil
path2874,Brazil,Brazil
path2876,Brazil,Brazil
path2878,Brazil,Brazil
path2882,Brazil,Brazil
path2868,Brazil,Brazil
path2870,Brazil,Brazil
path2880,Brazil,Brazil
path2884,Brazil,Brazil
path2888,Brazil,Brazil
sierra_leone_sherbro,Sierra Leone,Sierra Leone
sierra_leone_mainland,Sierra Leone,Sierra Leone
ml,ml,Mali
cd,cd,Democratic Republic of the Congo
italy_mainland,Italy,Italy
italy_pantelleria,Italy,Italy
italy_sardinia,Italy,Italy
italy_elba,Italy,Italy
italy_sicily,Italy,Italy
so-,Somalia,Somalia
xs,Somalia,Somalia
af,af,Afghanistan
path3240,Bangladesh,Bangladesh
path3242,Bangladesh,Bangladesh
path3244,Bangladesh,Bangladesh
path3246,Bangladesh,Bangladesh
path3248,Bangladesh,Bangladesh
path3250,Bangladesh,Bangladesh
path3252,Bangladesh,Bangladesh
path3254,Bangladesh,Bangladesh
path3256,Bangladesh,Bangladesh
path3258,Bangladesh,Bangladesh
bangladesh_mainland,Bangladesh,Bangladesh
dominican_republic_hispaniola,Dominican Republic,Dominican Republic
dominican_republic_isla_saona,Dominican Republic,Dominican Republic
path3430,Guinea-Bissau,Guinea-Bissau
path3432,Guinea-Bissau,Guinea-Bissau
path3434,Guinea-Bissau,Guinea-Bissau
path3436,Guinea-Bissau,Guinea-Bissau
path3438,Guinea-Bissau,Guinea-Bissau
path3440,Guinea-Bissau,Guinea-Bissau
path3442,Guinea-Bissau,Guinea-Bissau
guinea-bissau_mainland,Guinea-Bissau,Guinea-Bissau
gh,gh,Ghana
at,at,Austria
sweden_mainland,Sweden,Sweden
path3388,Sweden,Sweden
path3390,Sweden,Sweden
sweden_oland,Sweden,Sweden
path3394,Sweden,Sweden
sweden_gotland,Sweden,Sweden
path3398,Sweden,Sweden
path3400,Sweden,Sweden
path3402,Sweden,Sweden
path3404,Sweden,Sweden
path3408,Sweden,Sweden
path3454,Sweden,Sweden
turkey_eastern_thrace,Turkey,Turkey
turkey_anatolia,Turkey,Turkey
turkey_gokceada,Turkey,Turkey
ug,ug,Uganda
mozambique_mainland,Mozambique,Mozambique
path3382,Mozambique,Mozambique
path3384,Mozambique,Mozambique
path3466,Mozambique,Mozambique
path3482,Japan,Japan
path3484,Japan,Japan
path3486,Japan,Japan
path3496,Japan,Japan
path3504,Japan,Japan
path3514,Japan,Japan
path3516,Japan,Japan
path3518,Japan,Japan
path3520,Japan,Japan
path3488,Japan,Japan
path3490,Japan,Japan
path3492,Japan,Japan
path3494,Japan,Japan
path3498,Japan,Japan
path3500,Japan,Japan
japan_kyushu,Japan,Japan
path3506,Japan,Japan
path3508,Japan,Japan
japan_honshu,Japan,Japan
path3512,Japan,Japan
path3522,Japan,Japan
path3524,Japan,Japan
path3526,Japan,Japan
path3528,Japan,Japan
path3530,Japan,Japan
japan_shikoku,Japan,Japan
path3534,Japan,Japan
path3536,Japan,Japan
path3538,Japan,Japan
path3540,Japan,Japan
path3542,Japan,Japan
path3544,Japan,Japan
japan_hokkaido,Japan,Japan
path3548,Japan,Japan
path3550,Japan,Japan
path3552,Japan,Japan
path3556,Japan,Japan
path3560,New Zealand,New Zealand
new_zealand_stewart_island,New Zealand,New Zealand
new_zealand_south_island,New Zealand,New Zealand
path3568,New Zealand,New Zealand
new_zealand_north_island,New Zealand,New Zealand
path3572,New Zealand,New Zealand
path3574,New Zealand,New Zealand
path3576,New Zealand,New Zealand
path3578,New Zealand,New Zealand
cuba_island,Cuba,Cuba
cuba_isla_de_la_juventud,Cuba,Cuba
path3586,Cuba,Cuba
path3588,Cuba,Cuba
path3590,Cuba,Cuba
path3592,Cuba,Cuba
path3594,Cuba,Cuba
path3596,Cuba,Cuba
venezuela_mainland,"Venezuela, Bolivarian Republic of",Bolivarian Republic of Venezuela
path3412,"Venezuela, Bolivarian Republic of",Bolivarian Republic of Venezuela
path3414,"Venezuela, Bolivarian Republic of",Bolivarian Republic of Venezuela
path3416,"Venezuela, Bolivarian Republic of",Bolivarian Republic of Venezuela
path3418,"Venezuela, Bolivarian Republic of",Bolivarian Republic of Venezuela
path3420,"Venezuela, Bolivarian Republic of",Bolivarian Republic of Venezuela
path3422,"Venezuela, Bolivarian Republic of",Bolivarian Republic of Venezuela
path3424,"Venezuela, Bolivarian Republic of",Bolivarian Republic of Venezuela
path3426,"Venezuela, Bolivarian Republic of",Bolivarian Republic of Venezuela
path3428,"Venezuela, Bolivarian Republic of",Bolivarian Republic of Venezuela
path3598,"Venezuela, Bolivarian Republic of",Bolivarian Republic of Venezuela
path3600,"Venezuela, Bolivarian Republic of",Bolivarian Republic of Venezuela
path3602,"Venezuela, Bolivarian Republic of",Bolivarian Republic of Venezuela
portugal_mainland,Portugal,Portugal
path3614,Portugal,Portugal
path3616,Portugal,Portugal
path3620,Portugal,Portugal
path3622,Portugal,Portugal
path3624,Portugal,Portugal
path3626,Portugal,Portugal
portugal_madeira,Portugal,Portugal
co,co,Colombia
path3878,Mauritania,Mauritania
mauritania_mainland,Mauritania,Mauritania
path3888,Angola,Angola
angola_cabinda,Angola,Angola
germany_mainland,Germany,Germany
path3832,Germany,Germany
path3834,Germany,Germany
path3892,Germany,Germany
path3894,Germany,Germany
thailand_mainland,Thailand,Thailand
path3902,Thailand,Thailand
path3904,Thailand,Thailand
path3906,Thailand,Thailand
path3908,Thailand,Thailand
path3910,Thailand,Thailand
path3912,Thailand,Thailand
path3914,Thailand,Thailand
path3916,Thailand,Thailand
papua_new_guinea_island,Papua New Guinea,Papua New Guinea
path3962,Papua New Guinea,Papua New Guinea
path3964,Papua New Guinea,Papua New Guinea
path3966,Papua New Guinea,Papua New Guinea
path3968,Papua New Guinea,Papua New Guinea
path3970,Papua New Guinea,Papua New Guinea
path3972,Papua New Guinea,Papua New Guinea
path3974,Papua New Guinea,Papua New Guinea
path3976,Papua New Guinea,Papua New Guinea
path3978,Papua New Guinea,Papua New Guinea
papua_new_guinea_new_britain,Papua New Guinea,Papua New Guinea
path3984,Papua New Guinea,Papua New Guinea
path3986,Papua New Guinea,Papua New Guinea
path3988,Papua New Guinea,Papua New Guinea
path3990,Papua New Guinea,Papua New Guinea
path3992,Papua New Guinea,Papua New Guinea
path3994,Papua New Guinea,Papua New Guinea
path3996,Papua New Guinea,Papua New Guinea
path3998,Papua New Guinea,Papua New Guinea
path4000,Papua New Guinea,Papua New Guinea
path4002,Papua New Guinea,Papua New Guinea
papua_new_guinea_new_ireland,Papua New Guinea,Papua New Guinea
path4006,Papua New Guinea,Papua New Guinea
path4012,Papua New Guinea,Papua New Guinea
path4014,Papua New Guinea,Papua New Guinea
path4016,Papua New Guinea,Papua New Guinea
path4018,Papua New Guinea,Papua New Guinea
path4020,Papua New Guinea,Papua New Guinea
path4024,Papua New Guinea,Papua New Guinea
papua_new_guinea_bougainville,Papua New Guinea,Papua New Guinea
path4028,Papua New Guinea,Papua New Guinea
path4030,Papua New Guinea,Papua New Guinea
papua_new_guinea_manus,Papua New Guinea,Papua New Guinea
iq,iq,Iraq
path4066,Croatia,Croatia
path4068,Croatia,Croatia
path4070,Croatia,Croatia
path4072,Croatia,Croatia
path4074,Croatia,Croatia
path4076,Croatia,Croatia
path4078,Croatia,Croatia
path4080,Croatia,Croatia
path4082,Croatia,Croatia
path4086,Croatia,Croatia
path4088,Croatia,Croatia
path4090,Croatia,Croatia
path4092,Croatia,Croatia
path4094,Croatia,Croatia
path4096,Croatia,Croatia
path4098,Croatia,Croatia
path4100,Croatia,Croatia
path4102,Croatia,Croatia
path4242,Greenland,Greenland
path4252,Greenland,Greenland
path4262,Greenland,Greenland
path4322,Greenland,Greenland
path4330,Greenland,Greenland
path4332,Greenland,Greenland
path4336,Greenland,Greenland
path4342,Greenland,Greenland
path4344,Greenland,Greenland
path4346,Greenland,Greenland
path4348,Greenland,Greenland
path4228,Greenland,Greenland
path4528,Greenland,Greenland
path4248,Greenland,Greenland
path4260,Greenland,Greenland
path4268,Greenland,Greenland
path4272,Greenland,Greenland
path4282,Greenland,Greenland
path4294,Greenland,Greenland
path4304,Greenland,Greenland
path4256,Greenland,Greenland
path4270,Greenland,Greenland
path4338,Greenland,Greenland
path4274,Greenland,Greenland
path4276,Greenland,Greenland
path4278,Greenland,Greenland
path4280,Greenland,Greenland
path4284,Greenland,Greenland
path4286,Greenland,Greenland
path4288,Greenland,Greenland
path4290,Greenland,Greenland
path4292,Greenland,Greenland
path4296,Greenland,Greenland
path4298,Greenland,Greenland
path4300,Greenland,Greenland
path4302,Greenland,Greenland
path4306,Greenland,Greenland
path4308,Greenland,Greenland
path4310,Greenland,Greenland
path4312,Greenland,Greenland
path4314,Greenland,Greenland
path4316,Greenland,Greenland
path4318,Greenland,Greenland
path4320,Greenland,Greenland
path4324,Greenland,Greenland
path4216,Greenland,Greenland
path4204,Greenland,Greenland
path4208,Greenland,Greenland
path4210,Greenland,Greenland
path4212,Greenland,Greenland
path4214,Greenland,Greenland
path4522,Greenland,Greenland
path4524,Greenland,Greenland
path4226,Greenland,Greenland
path4380,Greenland,Greenland
path4384,Greenland,Greenland
path4388,Greenland,Greenland
path4396,Greenland,Greenland
path4398,Greenland,Greenland
path4400,Greenland,Greenland
path4402,Greenland,Greenland
path4406,Greenland,Greenland
path4408,Greenland,Greenland
path4410,Greenland,Greenland
path4412,Greenland,Greenland
path4416,Greenland,Greenland
path4470,Greenland,Greenland
path4478,Greenland,Greenland
path4488,Greenland,Greenland
path4490,Greenland,Greenland
path4450,Greenland,Greenland
path4456,Greenland,Greenland
path4458,Greenland,Greenland
path4460,Greenland,Greenland
path4466,Greenland,Greenland
path4468,Greenland,Greenland
path4472,Greenland,Greenland
path4474,Greenland,Greenland
path4476,Greenland,Greenland
path4480,Greenland,Greenland
path4482,Greenland,Greenland
path4484,Greenland,Greenland
path4486,Greenland,Greenland
path4448,Greenland,Greenland
path4424,Greenland,Greenland
path4426,Greenland,Greenland
path4432,Greenland,Greenland
path4434,Greenland,Greenland
path4436,Greenland,Greenland
path4438,Greenland,Greenland
path4442,Greenland,Greenland
path4446,Greenland,Greenland
path4452,Greenland,Greenland
path4454,Greenland,Greenland
path4462,Greenland,Greenland
path4464,Greenland,Greenland
path4414,Greenland,Greenland
path4418,Greenland,Greenland
path4420,Greenland,Greenland
path4422,Greenland,Greenland
path4428,Greenland,Greenland
path4430,Greenland,Greenland
path4374,Greenland,Greenland
path4376,Greenland,Greenland
path4378,Greenland,Greenland
path4382,Greenland,Greenland
path4386,Greenland,Greenland
path4390,Greenland,Greenland
path4392,Greenland,Greenland
path4394,Greenland,Greenland
greenland_island,Greenland,Greenland
path4232,Greenland,Greenland
path4234,Greenland,Greenland
path4244,Greenland,Greenland
path4246,Greenland,Greenland
path4250,Greenland,Greenland
path4254,Greenland,Greenland
path4350,Greenland,Greenland
path4360,Greenland,Greenland
path4362,Greenland,Greenland
path4366,Greenland,Greenland
path4218,Greenland,Greenland
path4220,Greenland,Greenland
path4224,Greenland,Greenland
path4230,Greenland,Greenland
path4236,Greenland,Greenland
path4240,Greenland,Greenland
path4258,Greenland,Greenland
path4264,Greenland,Greenland
path4266,Greenland,Greenland
path4326,Greenland,Greenland
path4328,Greenland,Greenland
path4334,Greenland,Greenland
path4340,Greenland,Greenland
path4352,Greenland,Greenland
path4354,Greenland,Greenland
path4356,Greenland,Greenland
path4358,Greenland,Greenland
path4364,Greenland,Greenland
path4368,Greenland,Greenland
path4370,Greenland,Greenland
path4372,Greenland,Greenland
path4534,Greenland,Greenland
path4536,Greenland,Greenland
path4538,Greenland,Greenland
path4544,Greenland,Greenland
ne,ne,Niger
denmark_mainland,Denmark,Denmark
path4494,Denmark,Denmark
path4492,Denmark,Denmark
path4496,Denmark,Denmark
path4498,Denmark,Denmark
path4500,Denmark,Denmark
path4502,Denmark,Denmark
path4504,Denmark,Denmark
path4506,Denmark,Denmark
denmark_sjaelland,Denmark,Denmark
path4510,Denmark,Denmark
path4512,Denmark,Denmark
path4514,Denmark,Denmark
denmark_bornholm,Denmark,Denmark
path4550,Denmark,Denmark
lv,lv,Latvia
ro,ro,Romania
zm,zm,Zambia
myanmar_mainland,Myanmar,Myanmar
path4568,Myanmar,Myanmar
path4570,Myanmar,Myanmar
path4572,Myanmar,Myanmar
path4574,Myanmar,Myanmar
path4576,Myanmar,Myanmar
path4578,Myanmar,Myanmar
path4580,Myanmar,Myanmar
path4582,Myanmar,Myanmar
path4584,Myanmar,Myanmar
path4586,Myanmar,Myanmar
path4588,Myanmar,Myanmar
path4590,Myanmar,Myanmar
path4592,Myanmar,Myanmar
path4594,Myanmar,Myanmar
path4596,Myanmar,Myanmar
path4598,Myanmar,Myanmar
path4600,Myanmar,Myanmar
path4602,Myanmar,Myanmar
path4604,Myanmar,Myanmar
et,et,Ethiopia
gt,gt,Guatemala
sr,sr,Suriname
cz,cz,Czech Republic
td,td,Chad
al,al,Albania
finland_mainland,Finland,Finland
finland_eckero,Finland,Finland
finland_fasta_aland,Finland,Finland
finland_lemland,Finland,Finland
path4636,Finland,Finland
path4638,Finland,Finland
path4642,Finland,Finland
path4644,Finland,Finland
path4646,Finland,Finland
path4648,Finland,Finland
path4650,Finland,Finland
path4652,Finland,Finland
path4660,Finland,Finland
path4662,Finland,Finland
finland_kimitoon,Finland,Finland
path4666,Finland,Finland
path4670,Finland,Finland
path4688,Finland,Finland
path4690,Finland,Finland
sy,sy,Syria
kg,kg,Kyrgyzstan
path4726,Solomon Islands,Solomon Islands
path4728,Solomon Islands,Solomon Islands
path4730,Solomon Islands,Solomon Islands
path4732,Solomon Islands,Solomon Islands
path4734,Solomon Islands,Solomon Islands
path4736,Solomon Islands,Solomon Islands
path4738,Solomon Islands,Solomon Islands
path4740,Solomon Islands,Solomon Islands
path4742,Solomon Islands,Solomon Islands
path4744,Solomon Islands,Solomon Islands
path4748,Solomon Islands,Solomon Islands
path4750,Solomon Islands,Solomon Islands
path4752,Solomon Islands,Solomon Islands
path4754,Solomon Islands,Solomon Islands
path4756,Solomon Islands,Solomon Islands
path4758,Solomon Islands,Solomon Islands
path4760,Solomon Islands,Solomon Islands
path4764,Solomon Islands,Solomon Islands
path4766,Solomon Islands,Solomon Islands
path4768,Solomon Islands,Solomon Islands
path4770,Solomon Islands,Solomon Islands
path4772,Solomon Islands,Solomon Islands
path4774,Solomon Islands,Solomon Islands
path4778,Solomon Islands,Solomon Islands
oman_musandam,Oman,Oman
path4786,Oman,Oman
oman_masirah,Oman,Oman
panama_mainland,Panama,Panama
path4792,Panama,Panama
path4794,Panama,Panama
path4796,Panama,Panama
path4802,Panama,Panama
path4518,Argentina,Argentina
argentina_tierra_del_fuego,Argentina,Argentina
path4200,Argentina,Argentina
path4202,Argentina,Argentina
path4874,Argentina,Argentina
united_kingdom_northern_ireland,United Kingdom,United Kingdom
path2640,United Kingdom,United Kingdom
path2642,United Kingdom,United Kingdom
path2644,United Kingdom,United Kingdom
path2646,United Kingdom,United Kingdom
path2648,United Kingdom,United Kingdom
path2650,United Kingdom,United Kingdom
path2652,United Kingdom,United Kingdom
path2654,United Kingdom,United Kingdom
united_kindgom_great_britain,United Kingdom,United Kingdom
path2658,United Kingdom,United Kingdom
path2660,United Kingdom,United Kingdom
path2662,United Kingdom,United Kingdom
path2664,United Kingdom,United Kingdom
path2666,United Kingdom,United Kingdom
path2670,United Kingdom,United Kingdom
path2672,United Kingdom,United Kingdom
path2674,United Kingdom,United Kingdom
path2676,United Kingdom,United Kingdom
path2678,United Kingdom,United Kingdom
path2776,United Kingdom,United Kingdom
path2778,United Kingdom,United Kingdom
path2780,United Kingdom,United Kingdom
path2782,United Kingdom,United Kingdom
path5354,United Kingdom,United Kingdom
costa_rica_mainland,Costa Rica,Costa Rica
costa_rica_cocos_island,Costa Rica,Costa Rica
py,py,Paraguay
guinea_mainland,Guinea,Guinea
path5380,Guinea,Guinea
path5402,Ireland,Ireland
path5352,Ireland,Ireland
path5348,Ireland,Ireland
nigeria_mainland,Nigeria,Nigeria
path5382,Nigeria,Nigeria
path5386,Nigeria,Nigeria
tunisia_mainland,Tunisia,Tunisia
tunisia_djerba,Tunisia,Tunisia
pl,pl,Poland
na,na,Namibia
za,za,South Africa
eg,eg,Egypt
tanzania_mainland,"Tanzania, United Republic of", United Republic of
tanzania_mafia,"Tanzania, United Republic of", United Republic of
tanzania_zanzibar,"Tanzania, United Republic of", United Republic of
tanzania_pemba,"Tanzania, United Republic of", United Republic of
saudi_arabia_mainland,Saudi Arabia,Saudi Arabia
path3380,Saudi Arabia,Saudi Arabia
path5480,Saudi Arabia,Saudi Arabia
path5482,Saudi Arabia,Saudi Arabia
path5488,Saudi Arabia,Saudi Arabia
vietnam_mainland,"Vietnam, Socialist Republic of",The Socialist Republic of Vietnam
path3474,"Vietnam, Socialist Republic of",The Socialist Republic of Vietnam
path3476,"Vietnam, Socialist Republic of",The Socialist Republic of Vietnam
path3478,"Vietnam, Socialist Republic of",The Socialist Republic of Vietnam
path3480,"Vietnam, Socialist Republic of",The Socialist Republic of Vietnam
path5494,"Vietnam, Socialist Republic of",The Socialist Republic of Vietnam
path5496,"Vietnam, Socialist Republic of",The Socialist Republic of Vietnam
path5498,"Vietnam, Socialist Republic of",The Socialist Republic of Vietnam
path5500,"Vietnam, Socialist Republic of",The Socialist Republic of Vietnam
path5502,"Vietnam, Socialist Republic of",The Socialist Republic of Vietnam
russia_kaliningrad,Russian Federation,Russia
path2924,Russian Federation,Russia
path2926,Russian Federation,Russia
path2928,Russian Federation,Russia
path2938,Russian Federation,Russia
path2940,Russian Federation,Russia
path3274,Russian Federation,Russia
path3276,Russian Federation,Russia
path3278,Russian Federation,Russia
path3280,Russian Federation,Russia
russia_sakhalin,Russian Federation,Russia
path3284,Russian Federation,Russia
path3296,Southern Kuril Islands,Southern Kuril Islands
path3302,Southern Kuril Islands,Southern Kuril Islands
path3304,Southern Kuril Islands,Southern Kuril Islands
path3308,Russian Federation,Russia
path3314,Russian Federation,Russia
path3316,Russian Federation,Russia
path3320,Russian Federation,Russia
path3322,Russian Federation,Russia
path3324,Russian Federation,Russia
path3326,Russian Federation,Russia
path3328,Russian Federation,Russia
path3330,Russian Federation,Russia
path3332,Russian Federation,Russia
path3354,Russian Federation,Russia
path3356,Russian Federation,Russia
path3358,Russian Federation,Russia
path3220,Russian Federation,Russia
path3212,Russian Federation,Russia
path3214,Russian Federation,Russia
path3216,Russian Federation,Russia
path3218,Russian Federation,Russia
path3222,Russian Federation,Russia
path3224,Russian Federation,Russia
path3226,Russian Federation,Russia
path3228,Russian Federation,Russia
path3230,Russian Federation,Russia
path3232,Russian Federation,Russia
path3068,Russian Federation,Russia
path3072,Russian Federation,Russia
path3106,Russian Federation,Russia
path3202,Russian Federation,Russia
path3204,Russian Federation,Russia
path3206,Russian Federation,Russia
path3208,Russian Federation,Russia
path3210,Russian Federation,Russia
path3200,Russian Federation,Russia
path3190,Russian Federation,Russia
path3194,Russian Federation,Russia
path3196,Russian Federation,Russia
path3198,Russian Federation,Russia
path3152,Russian Federation,Russia
path3154,Russian Federation,Russia
path3156,Russian Federation,Russia
path3158,Russian Federation,Russia
path3160,Russian Federation,Russia
path3164,Russian Federation,Russia
path3166,Russian Federation,Russia
path3168,Russian Federation,Russia
path3172,Russian Federation,Russia
path3174,Russian Federation,Russia
path3176,Russian Federation,Russia
path3180,Russian Federation,Russia
path3112,Russian Federation,Russia
path3114,Russian Federation,Russia
path3122,Russian Federation,Russia
path3136,Russian Federation,Russia
path3144,Russian Federation,Russia
path3146,Russian Federation,Russia
path3162,Russian Federation,Russia
path3178,Russian Federation,Russia
path3182,Russian Federation,Russia
path3184,Russian Federation,Russia
path3186,Russian Federation,Russia
path3188,Russian Federation,Russia
path3016,Russian Federation,Russia
path3042,Russian Federation,Russia
path3044,Russian Federation,Russia
path3046,Russian Federation,Russia
path3048,Russian Federation,Russia
path3050,Russian Federation,Russia
path3054,Russian Federation,Russia
path2944,Russian Federation,Russia
path2952,Russian Federation,Russia
path2966,Russian Federation,Russia
path2976,Russian Federation,Russia
path2982,Russian Federation,Russia
path2988,Russian Federation,Russia
path2990,Russian Federation,Russia
path3000,Russian Federation,Russia
path3002,Russian Federation,Russia
path3006,Russian Federation,Russia
path3012,Russian Federation,Russia
path3032,Russian Federation,Russia
path3034,Russian Federation,Russia
path3036,Russian Federation,Russia
path2930,Russian Federation,Russia
path2932,Russian Federation,Russia
path2934,Russian Federation,Russia
path2942,Russian Federation,Russia
path2946,Russian Federation,Russia
path2948,Russian Federation,Russia
path2950,Russian Federation,Russia
path2954,Russian Federation,Russia
path2956,Russian Federation,Russia
path2958,Russian Federation,Russia
path2960,Russian Federation,Russia
path2962,Russian Federation,Russia
path2964,Russian Federation,Russia
path2968,Russian Federation,Russia
path2970,Russian Federation,Russia
path2972,Russian Federation,Russia
path2974,Russian Federation,Russia
path2978,Russian Federation,Russia
path2980,Russian Federation,Russia
path2984,Russian Federation,Russia
path2986,Russian Federation,Russia
path2992,Russian Federation,Russia
path2994,Russian Federation,Russia
path2996,Russian Federation,Russia
path2998,Russian Federation,Russia
path3004,Russian Federation,Russia
path3008,Russian Federation,Russia
path3010,Russian Federation,Russia
path3014,Russian Federation,Russia
path3018,Russian Federation,Russia
path3020,Russian Federation,Russia
path3022,Russian Federation,Russia
path3024,Russian Federation,Russia
path3026,Russian Federation,Russia
path3028,Russian Federation,Russia
path3030,Russian Federation,Russia
path3040,Russian Federation,Russia
path3056,Russian Federation,Russia
path3058,Russian Federation,Russia
path3060,Russian Federation,Russia
path3062,Russian Federation,Russia
path3064,Russian Federation,Russia
path3066,Russian Federation,Russia
path3070,Russian Federation,Russia
path3076,Russian Federation,Russia
path3078,Russian Federation,Russia
path3082,Russian Federation,Russia
path3084,Russian Federation,Russia
path3086,Russian Federation,Russia
path3088,Russian Federation,Russia
path3090,Russian Federation,Russia
path3092,Russian Federation,Russia
path3094,Russian Federation,Russia
path3096,Russian Federation,Russia
path3098,Russian Federation,Russia
path3100,Russian Federation,Russia
path3102,Russian Federation,Russia
path3104,Russian Federation,Russia
path3108,Russian Federation,Russia
path3110,Russian Federation,Russia
path3116,Russian Federation,Russia
path3118,Russian Federation,Russia
path3120,Russian Federation,Russia
path3124,Russian Federation,Russia
path3126,Russian Federation,Russia
path3128,Russian Federation,Russia
path3130,Russian Federation,Russia
path3132,Russian Federation,Russia
path3134,Russian Federation,Russia
path3138,Russian Federation,Russia
path3140,Russian Federation,Russia
path3142,Russian Federation,Russia
path3148,Russian Federation,Russia
path3150,Russian Federation,Russia
path3264,Russian Federation,Russia
path3342,Russian Federation,Russia
path3344,Russian Federation,Russia
path3346,Russian Federation,Russia
path3360,Russian Federation,Russia
path3362,Russian Federation,Russia
path3364,Russian Federation,Russia
path5504,Russian Federation,Russia
path3798,Russian Federation,Russia
xq,Russian Federation,Russia
haiti_hispaniola,Haiti,Haiti
path5514,Haiti,Haiti
path5516,Haiti,Haiti
path5518,Haiti,Haiti
ba,ba,Bosnia and Herzegovina
india_mainland,India,India
path5460,India,India
path5466,India,India
india_little_andaman,India,India
india_andaman,India,India
path5454,India,India
path5456,India,India
path5458,India,India
path5462,India,India
path5464,India,India
path5468,India,India
path5470,India,India
canada_mainland,Canada,Canada
path3776,Canada,Canada
path4128,Canada,Canada
canada_vancouver_island,Canada,Canada
path4806,Canada,Canada
path4808,Canada,Canada
path4810,Canada,Canada
path4812,Canada,Canada
path4814,Canada,Canada
path4816,Canada,Canada
path4818,Canada,Canada
path4820,Canada,Canada
path4822,Canada,Canada
path4824,Canada,Canada
path4826,Canada,Canada
path4828,Canada,Canada
path4830,Canada,Canada
path4832,Canada,Canada
path4834,Canada,Canada
path4836,Canada,Canada
path4838,Canada,Canada
path4842,Canada,Canada
path4848,Canada,Canada
path4850,Canada,Canada
path5230,Canada,Canada
path5010,Canada,Canada
path5042,Canada,Canada
path5048,Canada,Canada
path5052,Canada,Canada
path5054,Canada,Canada
path5074,Canada,Canada
path5090,Canada,Canada
path5092,Canada,Canada
path5094,Canada,Canada
path5098,Canada,Canada
path5602,Canada,Canada
path5606,Canada,Canada
path5598,Canada,Canada
path5600,Canada,Canada
path5126,Canada,Canada
path5150,Canada,Canada
path5104,Canada,Canada
path5078,Canada,Canada
path5172,Canada,Canada
path5194,Canada,Canada
path5200,Canada,Canada
path5218,Canada,Canada
path5242,Canada,Canada
path5262,Canada,Canada
path5032,Canada,Canada
path4926,Canada,Canada
path4960,Canada,Canada
path4962,Canada,Canada
path4964,Canada,Canada
path4990,Canada,Canada
path4994,Canada,Canada
path4996,Canada,Canada
path5002,Canada,Canada
path5006,Canada,Canada
path5024,Canada,Canada
path5044,Canada,Canada
path5056,Canada,Canada
path5058,Canada,Canada
path5060,Canada,Canada
path5062,Canada,Canada
path5064,Canada,Canada
path5068,Canada,Canada
path5076,Canada,Canada
path5100,Canada,Canada
path5102,Canada,Canada
path5122,Canada,Canada
path5124,Canada,Canada
path5152,Canada,Canada
path5164,Canada,Canada
path5166,Canada,Canada
path5168,Canada,Canada
path5066,Canada,Canada
path5072,Canada,Canada
path5084,Canada,Canada
path5088,Canada,Canada
path5110,Canada,Canada
path5132,Canada,Canada
path5134,Canada,Canada
path5138,Canada,Canada
path5156,Canada,Canada
path5170,Canada,Canada
path5202,Canada,Canada
path5204,Canada,Canada
path5208,Canada,Canada
path5214,Canada,Canada
path5258,Canada,Canada
path5264,Canada,Canada
path5270,Canada,Canada
path5318,Canada,Canada
path5162,Canada,Canada
path5184,Canada,Canada
path5196,Canada,Canada
path5198,Canada,Canada
path5212,Canada,Canada
path5216,Canada,Canada
path5220,Canada,Canada
path5222,Canada,Canada
path5224,Canada,Canada
path5228,Canada,Canada
path5234,Canada,Canada
path5250,Canada,Canada
path5252,Canada,Canada
path5256,Canada,Canada
path5260,Canada,Canada
path5178,Canada,Canada
path5244,Canada,Canada
path5246,Canada,Canada
path5254,Canada,Canada
path5274,Canada,Canada
path5276,Canada,Canada
path5284,Canada,Canada
path5286,Canada,Canada
path5292,Canada,Canada
path5296,Canada,Canada
path5302,Canada,Canada
path5320,Canada,Canada
path5326,Canada,Canada
path5266,Canada,Canada
path5268,Canada,Canada
path5272,Canada,Canada
path5282,Canada,Canada
path5288,Canada,Canada
path5290,Canada,Canada
path5294,Canada,Canada
path5298,Canada,Canada
path5300,Canada,Canada
path5304,Canada,Canada
path5306,Canada,Canada
path5308,Canada,Canada
path5310,Canada,Canada
path5312,Canada,Canada
path5314,Canada,Canada
path5316,Canada,Canada
path5322,Canada,Canada
path5324,Canada,Canada
path5328,Canada,Canada
path5330,Canada,Canada
path5332,Canada,Canada
path5334,Canada,Canada
path5336,Canada,Canada
path5338,Canada,Canada
path5340,Canada,Canada
path5342,Canada,Canada
path5344,Canada,Canada
path5226,Canada,Canada
path5232,Canada,Canada
path5236,Canada,Canada
path5238,Canada,Canada
path5240,Canada,Canada
path5248,Canada,Canada
path5278,Canada,Canada
path4998,Canada,Canada
path5000,Canada,Canada
path5004,Canada,Canada
path5012,Canada,Canada
path5016,Canada,Canada
path5020,Canada,Canada
path5026,Canada,Canada
path5030,Canada,Canada
path5046,Canada,Canada
path5050,Canada,Canada
path5008,Canada,Canada
path5018,Canada,Canada
path5034,Canada,Canada
path5070,Canada,Canada
path5080,Canada,Canada
path5086,Canada,Canada
path5096,Canada,Canada
path5106,Canada,Canada
path5108,Canada,Canada
path5112,Canada,Canada
path5114,Canada,Canada
path5116,Canada,Canada
path5118,Canada,Canada
path5136,Canada,Canada
path5140,Canada,Canada
path5142,Canada,Canada
path5144,Canada,Canada
canada_baffin_island,Canada,Canada
path5148,Canada,Canada
path5160,Canada,Canada
path5174,Canada,Canada
path5176,Canada,Canada
path5180,Canada,Canada
path5186,Canada,Canada
path5188,Canada,Canada
path5190,Canada,Canada
path5206,Canada,Canada
path5210,Canada,Canada
path4862,Canada,Canada
path4864,Canada,Canada
path4854,Canada,Canada
path4856,Canada,Canada
path4858,Canada,Canada
path4860,Canada,Canada
path4922,Canada,Canada
path4928,Canada,Canada
path4950,Canada,Canada
path4952,Canada,Canada
path4954,Canada,Canada
path4956,Canada,Canada
path4958,Canada,Canada
path4966,Canada,Canada
path4968,Canada,Canada
path4970,Canada,Canada
path4972,Canada,Canada
path4974,Canada,Canada
path4976,Canada,Canada
path4978,Canada,Canada
path4980,Canada,Canada
path4984,Canada,Canada
path4986,Canada,Canada
path4988,Canada,Canada
path4992,Canada,Canada
path5370,Canada,Canada
path5388,Canada,Canada
path5392,Canada,Canada
path5562,Canada,Canada
path5564,Canada,Canada
path5566,Canada,Canada
path5568,Canada,Canada
path5570,Canada,Canada
path5572,Canada,Canada
path5574,Canada,Canada
path5576,Canada,Canada
path5578,Canada,Canada
path5604,Canada,Canada
path5610,Canada,Canada
path5612,Canada,Canada
path5614,Canada,Canada
path5618,Canada,Canada
path5624,Canada,Canada
path5630,Canada,Canada
path5580,Canada,Canada
path5582,Canada,Canada
path5584,Canada,Canada
path5608,Canada,Canada
canada_newfoundland,Canada,Canada
path5626,Canada,Canada
path5628,Canada,Canada
path5632,Canada,Canada
path5634,Canada,Canada
path5636,Canada,Canada
path5638,Canada,Canada
path5640,Canada,Canada
path5642,Canada,Canada
path5646,Canada,Canada
path5648,Canada,Canada
path5650,Canada,Canada
path5652,Canada,Canada
path5654,Canada,Canada
path5656,Canada,Canada
path5658,Canada,Canada
path5660,Canada,Canada
path5662,Canada,Canada
path5664,Canada,Canada
path5666,Canada,Canada
path5668,Canada,Canada
path5670,Canada,Canada
path5672,Canada,Canada
path5676,Canada,Canada
path5678,Canada,Canada
path5682,Canada,Canada
path5684,Canada,Canada
path5686,Canada,Canada
path5688,Canada,Canada
path5690,Canada,Canada
path5692,Canada,Canada
path5694,Canada,Canada
path5696,Canada,Canada
path5698,Canada,Canada
path5700,Canada,Canada
path5702,Canada,Canada
path5704,Canada,Canada
path5738,Canada,Canada
path5740,Canada,Canada
path5742,Canada,Canada
path5744,Canada,Canada
path5746,Canada,Canada
path5748,Canada,Canada
sv,sv,El Salvador
gy,gy,Guyana
be,be,Belgium
equatorial_guinea_bioko,Equatorial Guinea,Equatorial Guinea
equatorial_guinea_mainland,Equatorial Guinea,Equatorial Guinea
ls,ls,Lesotho
bg,bg,Bulgaria
bi,bi,Burundi
dj,dj,Djibouti
path5796,Azerbaijan,Azerbaijan
azerbaijan_nakhchivan,Azerbaijan,Azerbaijan
xn-,"Artsakh, Republic of",Republic of Artsakh
xn_,"Artsakh, Republic of",Republic of Artsakh
path4560,"Iran, Islamic Republic of",Islamic Republic of Iran
path4562,"Iran, Islamic Republic of",Islamic Republic of Iran
path4564,"Iran, Islamic Republic of",Islamic Republic of Iran
iran_mainland,"Iran, Islamic Republic of",Islamic Republic of Iran
malaysia_mainland,Malaysia,Malaysia
malaysia_borneo,Malaysia,Malaysia
path2560,Malaysia,Malaysia
path4708,Malaysia,Malaysia
path4710,Malaysia,Malaysia
path4712,Malaysia,Malaysia
path4714,Malaysia,Malaysia
path4716,Malaysia,Malaysia
path4718,Malaysia,Malaysia
path2284,Malaysia,Malaysia
path2300,Malaysia,Malaysia
path4700,Malaysia,Malaysia
path4704,Malaysia,Malaysia
path4706,Malaysia,Malaysia
path5822,Malaysia,Malaysia
path5902,Philippines,Philippines
path5800,Philippines,Philippines
path5806,Philippines,Philippines
path5832,Philippines,Philippines
path5838,Philippines,Philippines
path5840,Philippines,Philippines
path5858,Philippines,Philippines
path5860,Philippines,Philippines
path5874,Philippines,Philippines
path5882,Philippines,Philippines
path5888,Philippines,Philippines
path5892,Philippines,Philippines
path5900,Philippines,Philippines
path5908,Philippines,Philippines
path5910,Philippines,Philippines
philippines_palawan,Philippines,Philippines
path5812,Philippines,Philippines
path5814,Philippines,Philippines
path5816,Philippines,Philippines
path5818,Philippines,Philippines
path5820,Philippines,Philippines
path5824,Philippines,Philippines
path5828,Philippines,Philippines
philippines_luzon,Philippines,Philippines
path5826,Philippines,Philippines
path5830,Philippines,Philippines
path5834,Philippines,Philippines
path5836,Philippines,Philippines
path5842,Philippines,Philippines
path5844,Philippines,Philippines
path5846,Philippines,Philippines
path5848,Philippines,Philippines
path5850,Philippines,Philippines
path5852,Philippines,Philippines
path5854,Philippines,Philippines
path5856,Philippines,Philippines
philippines_mindanao,Philippines,Philippines
path5864,Philippines,Philippines
path5866,Philippines,Philippines
path5868,Philippines,Philippines
path5870,Philippines,Philippines
path5872,Philippines,Philippines
path5876,Philippines,Philippines
path5878,Philippines,Philippines
path5880,Philippines,Philippines
path5884,Philippines,Philippines
path5886,Philippines,Philippines
path5890,Philippines,Philippines
path5894,Philippines,Philippines
path5896,Philippines,Philippines
path5904,Philippines,Philippines
path5906,Philippines,Philippines
path5912,Philippines,Philippines
path5914,Philippines,Philippines
path5920,Philippines,Philippines
path5924,Philippines,Philippines
path5936,Philippines,Philippines
uy,uy,Uruguay
cg,cg,Congo
estonia_saaremaa,Estonia,Estonia
estonia_hiiumaa,Estonia,Estonia
estonia_muhu,Estonia,Estonia
estonia_vormsi,Estonia,Estonia
estonia_mainland,Estonia,Estonia
rw,rw,Rwanda
am,am,Armenia
sn,sn,Senegal
tg,tg,Togo
spain_mainland,Spain,Spain
path5984,Spain,Spain
path5986,Spain,Spain
path5988,Spain,Spain
path5990,Spain,Spain
path5992,Spain,Spain
path5994,Spain,Spain
path5996,Spain,Spain
spain_ibiza,Spain,Spain
spain_formentera,Spain,Spain
spain_majorca,Spain,Spain
spain_menorca,Spain,Spain
path5980,Gabon,Gabon
gabon_mainland,Gabon,Gabon
hu,hu,Hungary
mw,mw,Malawi
tj,tj,Tajikistan
cambodia_mainland,Cambodia,Cambodia
path6044,Cambodia,Cambodia
path6024,Cambodia,Cambodia
path6026,Cambodia,Cambodia
path6028,"Korea, Republic of",Republic of Korea
path6030,"Korea, Republic of",Republic of Korea
path6032,"Korea, Republic of",Republic of Korea
path6034,"Korea, Republic of",Republic of Korea
korea_jeju,"Korea, Republic of",Republic of Korea
path6038,"Korea, Republic of",Republic of Korea
path6040,"Korea, Republic of",Republic of Korea
path6042,"Korea, Republic of",Republic of Korea
path6046,"Korea, Republic of",Republic of Korea
honduras_mainland,Honduras,Honduras
path6082,Honduras,Honduras
is,is,Iceland
ni,ni,Nicaragua
path6426,Chile,Chile
path6432,Chile,Chile
path6440,Chile,Chile
path6442,Chile,Chile
path6428,Chile,Chile
path6430,Chile,Chile
path6434,Chile,Chile
path6436,Chile,Chile
path6438,Chile,Chile
path6444,Chile,Chile
path6364,Chile,Chile
path6372,Chile,Chile
path6374,Chile,Chile
path6376,Chile,Chile
path6378,Chile,Chile
path6380,Chile,Chile
path6382,Chile,Chile
path6384,Chile,Chile
path6386,Chile,Chile
path6388,Chile,Chile
path6390,Chile,Chile
path6392,Chile,Chile
path6394,Chile,Chile
path6396,Chile,Chile
path6398,Chile,Chile
path6400,Chile,Chile
path6402,Chile,Chile
path6404,Chile,Chile
path6406,Chile,Chile
path6408,Chile,Chile
path6410,Chile,Chile
path6412,Chile,Chile
path6414,Chile,Chile
path6418,Chile,Chile
path6420,Chile,Chile
path6422,Chile,Chile
path6424,Chile,Chile
path6318,Chile,Chile
path6322,Chile,Chile
path6326,Chile,Chile
path6328,Chile,Chile
path6332,Chile,Chile
path6334,Chile,Chile
path6340,Chile,Chile
path6344,Chile,Chile
path6346,Chile,Chile
path6348,Chile,Chile
path6350,Chile,Chile
path6352,Chile,Chile
path6354,Chile,Chile
path6356,Chile,Chile
path6358,Chile,Chile
path6360,Chile,Chile
path6362,Chile,Chile
path6366,Chile,Chile
path6368,Chile,Chile
path6370,Chile,Chile
path6272,Chile,Chile
path6286,Chile,Chile
path6290,Chile,Chile
path6294,Chile,Chile
path6300,Chile,Chile
path6304,Chile,Chile
path6306,Chile,Chile
path6308,Chile,Chile
path6310,Chile,Chile
path6314,Chile,Chile
path6316,Chile,Chile
path6320,Chile,Chile
path6324,Chile,Chile
path6330,Chile,Chile
path6338,Chile,Chile
path6342,Chile,Chile
path6206,Chile,Chile
path6218,Chile,Chile
path6220,Chile,Chile
path6224,Chile,Chile
path6226,Chile,Chile
path6230,Chile,Chile
path6232,Chile,Chile
path6234,Chile,Chile
path6236,Chile,Chile
path6242,Chile,Chile
path6254,Chile,Chile
path6258,Chile,Chile
path6260,Chile,Chile
path6262,Chile,Chile
path6264,Chile,Chile
path6266,Chile,Chile
path6268,Chile,Chile
path6270,Chile,Chile
path6274,Chile,Chile
path6276,Chile,Chile
path6278,Chile,Chile
path6280,Chile,Chile
path6282,Chile,Chile
path6284,Chile,Chile
path6288,Chile,Chile
path6292,Chile,Chile
path6296,Chile,Chile
path6298,Chile,Chile
path6166,Chile,Chile
path6176,Chile,Chile
path6222,Chile,Chile
path6240,Chile,Chile
path6244,Chile,Chile
path6248,Chile,Chile
path6250,Chile,Chile
path6252,Chile,Chile
path6256,Chile,Chile
path6144,Chile,Chile
path6174,Chile,Chile
path6130,Chile,Chile
path6132,Chile,Chile
path6134,Chile,Chile
path6136,Chile,Chile
path6138,Chile,Chile
path6140,Chile,Chile
path6142,Chile,Chile
path6146,Chile,Chile
path6148,Chile,Chile
path6150,Chile,Chile
path6152,Chile,Chile
path6154,Chile,Chile
path6156,Chile,Chile
path6158,Chile,Chile
path6160,Chile,Chile
path6162,Chile,Chile
path6168,Chile,Chile
path6170,Chile,Chile
path6172,Chile,Chile
path6178,Chile,Chile
path6180,Chile,Chile
path6182,Chile,Chile
path6186,Chile,Chile
path6188,Chile,Chile
path6190,Chile,Chile
path6192,Chile,Chile
path6194,Chile,Chile
path6196,Chile,Chile
path6198,Chile,Chile
path6200,Chile,Chile
path6202,Chile,Chile
path6204,Chile,Chile
path6208,Chile,Chile
path6210,Chile,Chile
path6212,Chile,Chile
path6214,Chile,Chile
path6216,Chile,Chile
path6228,Chile,Chile
path6238,Chile,Chile
path6464,Chile,Chile
path6462,Chile,Chile
path6470,Chile,Chile
path6472,Chile,Chile
chile_easter_island,Chile,Chile
ma-,Morocco,Morocco
eh-,Western Sahara,Western Sahara
xz,Western Sahara,Western Sahara
lr,lr,Liberia
cf,cf,Central African Republic
sk,sk,Slovakia
lt,lt,Lithuania
zw,zw,Zimbabwe
path6496,Sri Lanka,Sri Lanka
path6498,Sri Lanka,Sri Lanka
path6500,Sri Lanka,Sri Lanka
il-,Israel,Israel
gaza_strip,Gaza Strip,Gaza Strip
west_bank,Gaza Strip,Gaza Strip
ps_,State of Palestine,State of Palestine
la,la,Laos
kp,kp,Democratic People's Republic of Korea (North Korea)
greece_mainland,Greece,Greece
path6492,Greece,Greece
path6518,Greece,Greece
path6520,Greece,Greece
path6522,Greece,Greece
path6524,Greece,Greece
path6526,Greece,Greece
path6528,Greece,Greece
path6530,Greece,Greece
path6532,Greece,Greece
greece_euboea,Greece,Greece
path6536,Greece,Greece
greece_crete,Greece,Greece
path6540,Greece,Greece
path6542,Greece,Greece
path6544,Greece,Greece
path6546,Greece,Greece
path6548,Greece,Greece
path6550,Greece,Greece
path6552,Greece,Greece
path6554,Greece,Greece
path6556,Greece,Greece
path6558,Greece,Greece
path6560,Greece,Greece
path6562,Greece,Greece
path6564,Greece,Greece
path6566,Greece,Greece
path6568,Greece,Greece
path6570,Greece,Greece
path6572,Greece,Greece
path6574,Greece,Greece
path6576,Greece,Greece
path6578,Greece,Greece
path6580,Greece,Greece
path6582,Greece,Greece
greece_rhodes,Greece,Greece
tm,tm,Turkmenistan
ecuador_mainland,Ecuador,Ecuador
path6790,Ecuador,Ecuador
path6602,Ecuador,Ecuador
ecuador_fernandina,Ecuador,Ecuador
ecuador_isabela,Ecuador,Ecuador
ecuador_santiago,Ecuador,Ecuador
ecuador_marchena,Ecuador,Ecuador
ecuador_santa_cruz,Ecuador,Ecuador
ecuador_floreana,Ecuador,Ecuador
ecuador_san_cristobal,Ecuador,Ecuador
bj,bj,Benin
si,si,Slovenia
path6656,Svalbard,Svalbard
path6658,Svalbard,Svalbard
norway_spitsbergen,Svalbard,Svalbard
path6718,Svalbard,Svalbard
path6720,Svalbard,Svalbard
path6730,Svalbard,Svalbard
path6732,Svalbard,Svalbard
path6738,Svalbard,Svalbard
path6740,Svalbard,Svalbard
path6742,Svalbard,Svalbard
path6744,Svalbard,Svalbard
path6754,Svalbard,Svalbard
path6780,Svalbard,Svalbard
path6784,Svalbard,Svalbard
path6786,Svalbard,Svalbard
path6788,Svalbard,Svalbard
norway_jan_mayen,Norway,Norway
norway_mainland,Norway,Norway
path6606,Norway,Norway
path6608,Norway,Norway
path6610,Norway,Norway
path6612,Norway,Norway
path6614,Norway,Norway
path6616,Norway,Norway
path6618,Norway,Norway
path6620,Norway,Norway
path6624,Norway,Norway
path6626,Norway,Norway
path6628,Norway,Norway
path6630,Norway,Norway
path6632,Norway,Norway
path6634,Norway,Norway
path6636,Norway,Norway
path6638,Norway,Norway
path6642,Norway,Norway
path6644,Norway,Norway
path6648,Norway,Norway
path6650,Norway,Norway
path6652,Norway,Norway
path6654,Norway,Norway
path6662,Norway,Norway
path6664,Norway,Norway
path6666,Norway,Norway
path6668,Norway,Norway
path6670,Norway,Norway
path6672,Norway,Norway
path6674,Norway,Norway
path6676,Norway,Norway
path6678,Norway,Norway
path6680,Norway,Norway
path6682,Norway,Norway
path6684,Norway,Norway
path6686,Norway,Norway
path6688,Norway,Norway
path6690,Norway,Norway
path6692,Norway,Norway
path6694,Norway,Norway
path6696,Norway,Norway
path6698,Norway,Norway
path6700,Norway,Norway
path6702,Norway,Norway
path6704,Norway,Norway
path6706,Norway,Norway
path6708,Norway,Norway
path6710,Norway,Norway
path6712,Norway,Norway
path6714,Norway,Norway
path6716,Norway,Norway
path6722,Norway,Norway
path6724,Norway,Norway
path6726,Norway,Norway
path6728,Norway,Norway
path6734,Norway,Norway
path6736,Norway,Norway
path6746,Norway,Norway
path6748,Norway,Norway
path6750,Norway,Norway
path6752,Norway,Norway
path6756,Norway,Norway
path6758,Norway,Norway
path6760,Norway,Norway
path6762,Norway,Norway
path6764,Norway,Norway
path6770,Norway,Norway
path6772,Norway,Norway
path6774,Norway,Norway
path6776,Norway,Norway
path6778,Norway,Norway
path6782,Norway,Norway
path6796,Norway,Norway
path6798,Norway,Norway
path6800,Norway,Norway
path6802,Norway,Norway
path6806,Norway,Norway
path6812,Norway,Norway
md-,"Moldova, Republic of", Republic of Moldova
xp-,Transnistria,Transnistria
xp_,Transnistria,Transnistria
ua-,Ukraine,Ukraine
xd-,Donetsk People's Republic,Donetsk People's Republic
xd_,Donetsk People's Republic,Donetsk People's Republic
xl-,Luhansk People's Republic,Luhansk People's Republic
xl_,Luhansk People's Republic,Luhansk People's Republic
np,np,Nepal
path6816,Eritrea,Eritrea
eritrea_mainland,Eritrea,Eritrea
united_states_alaska_mainland,United States of America,United States of America
united_states_lower_48,United States of America,United States of America
path3780,United States of America,United States of America
path3782,United States of America,United States of America
path3784,United States of America,United States of America
path3818,United States of America,United States of America
path3764,United States of America,United States of America
path3766,United States of America,United States of America
path3768,United States of America,United States of America
path3770,United States of America,United States of America
path3820,United States of America,United States of America
path3822,United States of America,United States of America
path4840,United States of America,United States of America
path4844,United States of America,United States of America
path4846,United States of America,United States of America
path4852,United States of America,United States of America
path3836,United States of America,United States of America
path3860,United States of America,United States of America
path3824,United States of America,United States of America
path3826,United States of America,United States of America
path3828,United States of America,United States of America
path3830,United States of America,United States of America
path3838,United States of America,United States of America
path3862,United States of America,United States of America
path3864,United States of America,United States of America
path3856,United States of America,United States of America
path3840,United States of America,United States of America
path3842,United States of America,United States of America
path3844,United States of America,United States of America
path3848,United States of America,United States of America
path3872,United States of America,United States of America
path3874,United States of America,United States of America
path3876,United States of America,United States of America
path4104,United States of America,United States of America
path4106,United States of America,United States of America
path4108,United States of America,United States of America
path4110,United States of America,United States of America
path4112,United States of America,United States of America
path4114,United States of America,United States of America
path4116,United States of America,United States of America
path4190,United States of America,United States of America
path4192,United States of America,United States of America
path4194,United States of America,United States of America
path4196,United States of America,United States of America
path4198,United States of America,United States of America
path3630,United States of America,United States of America
path3632,United States of America,United States of America
path3634,United States of America,United States of America
path3636,United States of America,United States of America
path3638,United States of America,United States of America
path3642,United States of America,United States of America
path3644,United States of America,United States of America
path3920,United States of America,United States of America
path3922,United States of America,United States of America
path3924,United States of America,United States of America
path3926,United States of America,United States of America
path3928,United States of America,United States of America
path3930,United States of America,United States of America
path3932,United States of America,United States of America
path3934,United States of America,United States of America
path3936,United States of America,United States of America
path3938,United States of America,United States of America
path3940,United States of America,United States of America
path3944,United States of America,United States of America
path3946,United States of America,United States of America
path3948,United States of America,United States of America
path3950,United States of America,United States of America
path3952,United States of America,United States of America
path4038,United States of America,United States of America
path4040,United States of America,United States of America
path4042,United States of America,United States of America
path3778,United States of America,United States of America
path4136,United States of America,United States of America
path4134,United States of America,United States of America
path4142,United States of America,United States of America
path4152,United States of America,United States of America
path4166,United States of America,United States of America
path3772,United States of America,United States of America
path3774,United States of America,United States of America
path3654,United States of America,United States of America
path3656,United States of America,United States of America
path3658,United States of America,United States of America
path3660,United States of America,United States of America
path3662,United States of America,United States of America
path3664,United States of America,United States of America
path3666,United States of America,United States of America
path3668,United States of America,United States of America
path3670,United States of America,United States of America
path3672,United States of America,United States of America
path3730,United States of America,United States of America
path3732,United States of America,United States of America
path3742,United States of America,United States of America
path3746,United States of America,United States of America
path3748,United States of America,United States of America
path3752,United States of America,United States of America
path3754,United States of America,United States of America
path3760,United States of America,United States of America
path3700,United States of America,United States of America
path3706,United States of America,United States of America
path3712,United States of America,United States of America
path3718,United States of America,United States of America
path3720,United States of America,United States of America
path3722,United States of America,United States of America
path3724,United States of America,United States of America
path3674,United States of America,United States of America
path3676,United States of America,United States of America
path3678,United States of America,United States of America
path3680,United States of America,United States of America
path3682,United States of America,United States of America
path3684,United States of America,United States of America
path3686,United States of America,United States of America
path3688,United States of America,United States of America
path3690,United States of America,United States of America
path3694,United States of America,United States of America
path3696,United States of America,United States of America
path3698,United States of America,United States of America
path3702,United States of America,United States of America
path3704,United States of America,United States of America
path3710,United States of America,United States of America
path3714,United States of America,United States of America
path3726,United States of America,United States of America
path3728,United States of America,United States of America
path3708,United States of America,United States of America
path3796,United States of America,United States of America
path3800,United States of America,United States of America
path3802,United States of America,United States of America
path3814,United States of America,United States of America
path4118,United States of America,United States of America
path4120,United States of America,United States of America
path4122,United States of America,United States of America
path4124,United States of America,United States of America
path4126,United States of America,United States of America
path4130,United States of America,United States of America
path4132,United States of America,United States of America
path4140,United States of America,United States of America
path4144,United States of America,United States of America
path4146,United States of America,United States of America
path4148,United States of America,United States of America
path4150,United States of America,United States of America
path4154,United States of America,United States of America
path4156,United States of America,United States of America
path4158,United States of America,United States of America
path4160,United States of America,United States of America
path4162,United States of America,United States of America
path4164,United States of America,United States of America
path4168,United States of America,United States of America
path4170,United States of America,United States of America
path4172,United States of America,United States of America
path4176,United States of America,United States of America
path3898,Kazakhstan,Kazakhstan
path7142,Kazakhstan,Kazakhstan
tf-,French Southern Territories,French Southern Territories
tf_,French Southern Territories,French Southern Territories
uz,uz,Uzbekistan
mn,mn,Mongolia
bt,bt,Bhutan
path4902,Antarctica,Antarctica
path4904,Antarctica,Antarctica
path7014,Antarctica,Antarctica
path7016,Antarctica,Antarctica
path7018,Antarctica,Antarctica
path7022,Antarctica,Antarctica
path7024,Antarctica,Antarctica
path6980,Antarctica,Antarctica
path6982,Antarctica,Antarctica
path6984,Antarctica,Antarctica
path6986,Antarctica,Antarctica
path6978,Antarctica,Antarctica
path7010,Antarctica,Antarctica
path7012,Antarctica,Antarctica
path7000,Antarctica,Antarctica
path7002,Antarctica,Antarctica
path7004,Antarctica,Antarctica
path7006,Antarctica,Antarctica
path7008,Antarctica,Antarctica
path6976,Antarctica,Antarctica
path6972,Antarctica,Antarctica
path6974,Antarctica,Antarctica
path6954,Antarctica,Antarctica
path6956,Antarctica,Antarctica
path6958,Antarctica,Antarctica
path6960,Antarctica,Antarctica
path6962,Antarctica,Antarctica
path6964,Antarctica,Antarctica
path6966,Antarctica,Antarctica
path6968,Antarctica,Antarctica
path6970,Antarctica,Antarctica
path6926,Antarctica,Antarctica
path6928,Antarctica,Antarctica
path6930,Antarctica,Antarctica
path6952,Antarctica,Antarctica
path7026,Antarctica,Antarctica
path7028,Antarctica,Antarctica
path7030,Antarctica,Antarctica
path7032,Antarctica,Antarctica
path7034,Antarctica,Antarctica
path7036,Antarctica,Antarctica
path7038,Antarctica,Antarctica
path7040,Antarctica,Antarctica
path7042,Antarctica,Antarctica
path7044,Antarctica,Antarctica
path7048,Antarctica,Antarctica
path7050,Antarctica,Antarctica
path7052,Antarctica,Antarctica
path7054,Antarctica,Antarctica
path7056,Antarctica,Antarctica
path7058,Antarctica,Antarctica
path7060,Antarctica,Antarctica
path7062,Antarctica,Antarctica
path1948,Antarctica,Antarctica
path6902,Antarctica,Antarctica
path6904,Antarctica,Antarctica
path6906,Antarctica,Antarctica
path6908,Antarctica,Antarctica
path7066,Antarctica,Antarctica
path7068,Antarctica,Antarctica
path7070,Antarctica,Antarctica
path6832,Antarctica,Antarctica
path6834,Antarctica,Antarctica
path2042,Antarctica,Antarctica
path2044,Antarctica,Antarctica
path6910,Antarctica,Antarctica
path6912,Antarctica,Antarctica
path6914,Antarctica,Antarctica
path7072,Antarctica,Antarctica
path7074,Antarctica,Antarctica
path7076,Antarctica,Antarctica
path6916,Antarctica,Antarctica
path6920,Antarctica,Antarctica
path6934,Antarctica,Antarctica
path6936,Antarctica,Antarctica
path6918,Antarctica,Antarctica
path6922,Antarctica,Antarctica
path6932,Antarctica,Antarctica
path6850,Antarctica,Antarctica
path6852,Antarctica,Antarctica
path6864,Antarctica,Antarctica
path6878,Antarctica,Antarctica
path6882,Antarctica,Antarctica
path6838,Antarctica,Antarctica
path6840,Antarctica,Antarctica
path6844,Antarctica,Antarctica
path6846,Antarctica,Antarctica
path6848,Antarctica,Antarctica
path6854,Antarctica,Antarctica
path6856,Antarctica,Antarctica
path6858,Antarctica,Antarctica
path6860,Antarctica,Antarctica
path6862,Antarctica,Antarctica
path6866,Antarctica,Antarctica
path6868,Antarctica,Antarctica
path6870,Antarctica,Antarctica
path6872,Antarctica,Antarctica
path6874,Antarctica,Antarctica
path6876,Antarctica,Antarctica
path6880,Antarctica,Antarctica
path6884,Antarctica,Antarctica
path6886,Antarctica,Antarctica
path6888,Antarctica,Antarctica
path6890,Antarctica,Antarctica
path6892,Antarctica,Antarctica
path6894,Antarctica,Antarctica
antarctica_mainland,Antarctica,Antarctica
path6924,Antarctica,Antarctica
path6938,Antarctica,Antarctica
path6940,Antarctica,Antarctica
path6942,Antarctica,Antarctica
path6944,Antarctica,Antarctica
path6946,Antarctica,Antarctica
path6948,Antarctica,Antarctica
path7078,Antarctica,Antarctica
path7080,Antarctica,Antarctica
path5237,Antarctica,Antarctica
path3366,Australia,Australia
path3368,Australia,Australia
path3294,Australia,Australia
path3298,Australia,Australia
path3310,Australia,Australia
path3312,Australia,Australia
path3318,Australia,Australia
path3288,Australia,Australia
path3290,Australia,Australia
path3334,Australia,Australia
path3336,Australia,Australia
path3286,Australia,Australia
australia_tasmania,Australia,Australia
path3306,Australia,Australia
path3338,Australia,Australia
australia_mainland,Australia,Australia
path3350,Australia,Australia
path3956,Australia,Australia
path3958,Australia,Australia
path3960,Australia,Australia
australia_macquarie_island,Australia,Australia
cx-,Christmas Island,Christmas Island
cx_,Christmas Island,Christmas Island
cc-,Cocos (Keeling) Islands,Cocos (Keeling) Islands
cc_,Cocos (Keeling) Islands,Cocos (Keeling) Islands
hm-,Heard Island and McDonald Islands,Heard Island and McDonald Islands
hm_,Heard Island and McDonald Islands,Heard Island and McDonald Islands
nf-,Norfolk Island,Norfolk Island
nf_,Norfolk Island,Norfolk Island
path2708,"China, People's Republic of", People's Republic of China
path2726,"China, People's Republic of", People's Republic of China
path2730,"China, People's Republic of", People's Republic of China
path2740,"China, People's Republic of", People's Republic of China
path2744,"China, People's Republic of", People's Republic of China
path2748,"China, People's Republic of", People's Republic of China
path2750,"China, People's Republic of", People's Republic of China
path2752,"China, People's Republic of", People's Republic of China
path2734,"China, People's Republic of", People's Republic of China
path2742,"China, People's Republic of", People's Republic of China
path2766,"China, People's Republic of", People's Republic of China
path2736,"China, People's Republic of", People's Republic of China
china_hainan,"China, People's Republic of", People's Republic of China
path2712,"China, People's Republic of", People's Republic of China
path2714,"China, People's Republic of", People's Republic of China
path2716,"China, People's Republic of", People's Republic of China
path2718,"China, People's Republic of", People's Republic of China
path2720,"China, People's Republic of", People's Republic of China
path2722,"China, People's Republic of", People's Republic of China
path2724,"China, People's Republic of", People's Republic of China
path2764,Hong Kong,Hong Kong
path2762,Hong Kong,Hong Kong
path2760,Hong Kong,Hong Kong
hk_,Hong Kong,Hong Kong
mo-,Macao,Macao
mo_,Macao,Macao
path2738,Taiwan,Taiwan
path2746,Taiwan,Taiwan
path2738-,Taiwan,Taiwan
path2746-,Taiwan,Taiwan
france_mainland,France,France
path2166,France,France
path2168,France,France
path2172,France,France
path2174,France,France
france_corsica,France,France
gf,France,France
path2582,Guadeloupe,Guadeloupe
path2584,Guadeloupe,Guadeloupe
path2586,Guadeloupe,Guadeloupe
gp_,Guadeloupe,Guadeloupe
mq-,Martinique,Martinique
mq_,Martinique,Martinique
re-,Reunion,Reunion
re_,Reunion,Reunion
yt-,Mayotte,Mayotte
yt_,Mayotte,Mayotte
path6448,Netherlands,Netherlands
path6450,Netherlands,Netherlands
path6452,Netherlands,Netherlands
path6454,Netherlands,Netherlands
path6456,Netherlands,Netherlands
path6458,Netherlands,Netherlands
path6482,Netherlands,Netherlands
netherlands_mainland,Netherlands,Netherlands
bq-,"Bonaire, Sint Eustatius and Saba", Sint Eustatius and Saba
bq_,"Bonaire, Sint Eustatius and Saba", Sint Eustatius and Saba
lb-,Lebanon,Lebanon
lb_,Lebanon,Lebanon
me-,Montenegro,Montenegro
me_,Montenegro,Montenegro
sz-,Eswatini,Eswatini
sz_,Eswatini,Eswatini
path2568,New Caledonia,New Caledonia
path2570,New Caledonia,New Caledonia
path2572,New Caledonia,New Caledonia
path2574,New Caledonia,New Caledonia
path2576,New Caledonia,New Caledonia
path3370,New Caledonia,New Caledonia
nc_,New Caledonia,New Caledonia
path5538,Fiji,Fiji
path5544,Fiji,Fiji
path5536,Fiji,Fiji
path5542,Fiji,Fiji
path5546,Fiji,Fiji
path5548,Fiji,Fiji
path5550,Fiji,Fiji
path5552,Fiji,Fiji
fj_,Fiji,Fiji
path5440,Kuwait,Kuwait
path5486,Kuwait,Kuwait
kw_,Kuwait,Kuwait
path2786,Timor-Leste,Timor-Leste
timor-leste_oecusse,Timor-Leste,Timor-Leste
tl_,Timor-Leste,Timor-Leste
path6100,Bahamas,Bahamas
path6086,Bahamas,Bahamas
path6088,Bahamas,Bahamas
path6084,Bahamas,Bahamas
path6090,Bahamas,Bahamas
path6092,Bahamas,Bahamas
path6094,Bahamas,Bahamas
path6096,Bahamas,Bahamas
path6098,Bahamas,Bahamas
path6102,Bahamas,Bahamas
path6104,Bahamas,Bahamas
path6106,Bahamas,Bahamas
path6108,Bahamas,Bahamas
path6110,Bahamas,Bahamas
path6112,Bahamas,Bahamas
path6122,Bahamas,Bahamas
path6124,Bahamas,Bahamas
path6126,Bahamas,Bahamas
bs_,Bahamas,Bahamas
path6058,Vanuatu,Vanuatu
path6062,Vanuatu,Vanuatu
path6048,Vanuatu,Vanuatu
path6052,Vanuatu,Vanuatu
path6054,Vanuatu,Vanuatu
path6056,Vanuatu,Vanuatu
path6064,Vanuatu,Vanuatu
path6066,Vanuatu,Vanuatu
path6068,Vanuatu,Vanuatu
path6072,Vanuatu,Vanuatu
path6074,Vanuatu,Vanuatu
path6076,Vanuatu,Vanuatu
path6078,Vanuatu,Vanuatu
path6080,Vanuatu,Vanuatu
vu_,Vanuatu,Vanuatu
path4876,Falkland Islands (Islas Malvinas),Falkland Islands (Islas Malvinas)
falkland_islands_west_falkland,Falkland Islands (Islas Malvinas),Falkland Islands (Islas Malvinas)
path4880,Falkland Islands (Islas Malvinas),Falkland Islands (Islas Malvinas)
path4882,Falkland Islands (Islas Malvinas),Falkland Islands (Islas Malvinas)
path4884,Falkland Islands (Islas Malvinas),Falkland Islands (Islas Malvinas)
path4886,Falkland Islands (Islas Malvinas),Falkland Islands (Islas Malvinas)
falkland_islands_east_falkland,Falkland Islands (Islas Malvinas),Falkland Islands (Islas Malvinas)
path4890,Falkland Islands (Islas Malvinas),Falkland Islands (Islas Malvinas)
fk_,Falkland Islands (Islas Malvinas),Falkland Islands (Islas Malvinas)
gs-,South Georgia and the South Sandwich Islands,South Georgia and the South Sandwich Islands
gs_,South Georgia and the South Sandwich Islands,South Georgia and the South Sandwich Islands
gm-,Gambia,Gambia
gm_,Gambia,Gambia
qa-,Qatar,Qatar
qa_,Qatar,Qatar
jm-,Jamaica,Jamaica
jm_,Jamaica,Jamaica
cy-,Cyprus,Cyprus
xc-,Northern Cyprus,Northern Cyprus
xc_,Northern Cyprus,Northern Cyprus
cy_,Cyprus,Cyprus
pr-,Puerto Rico,Puerto Rico
pr_,Puerto Rico,Puerto Rico
path6824,Brunei,Brunei
brunei_temburong,Brunei,Brunei
bn_,Brunei,Brunei
trinidad_and_tobago_trinidad,Trinidad and Tobago,Trinidad and Tobago
trinidad_and_tobago_tobago,Trinidad and Tobago,Trinidad and Tobago
tt_,Trinidad and Tobago,Trinidad and Tobago
path5762,Cape Verde,Cape Verde
path5764,Cape Verde,Cape Verde
path5766,Cape Verde,Cape Verde
path5768,Cape Verde,Cape Verde
path5770,Cape Verde,Cape Verde
path5772,Cape Verde,Cape Verde
path5774,Cape Verde,Cape Verde
path5776,Cape Verde,Cape Verde
cv_,Cape Verde,Cape Verde
path2790,French Polynesia,French Polynesia
path2792,French Polynesia,French Polynesia
path2794,French Polynesia,French Polynesia
path2796,French Polynesia,French Polynesia
path2798,French Polynesia,French Polynesia
path2800,French Polynesia,French Polynesia
path2802,French Polynesia,French Polynesia
path2804,French Polynesia,French Polynesia
pf_,French Polynesia,French Polynesia
path4782,Samoa,Samoa
path4784,Samoa,Samoa
ws_,Samoa,Samoa
lu-,Luxembourg,Luxembourg
lu_,Luxembourg,Luxembourg
comoros_grande_comore,Comoros,Comoros
comoros_moheli,Comoros,Comoros
comoros_anjouan,Comoros,Comoros
km_,Comoros,Comoros
mu-,Mauritius,Mauritius
mu_,Mauritius,Mauritius
path4614,Faroe Islands,Faroe Islands
path4616,Faroe Islands,Faroe Islands
path4624,Faroe Islands,Faroe Islands
path4618,Faroe Islands,Faroe Islands
path4620,Faroe Islands,Faroe Islands
path4622,Faroe Islands,Faroe Islands
fo_,Faroe Islands,Faroe Islands
sao_tome_and_principe_principe,Sao Tome and Principe,Sao Tome and Principe
sao_tome_and_principe_sao_tome,Sao Tome and Principe,Sao Tome and Principe
st_,Sao Tome and Principe,Sao Tome and Principe
path4052,"Virgin Islands, U.S.","Virgin Islands, U.S."
path5520,"Virgin Islands, U.S.","Virgin Islands, U.S."
vi_,"Virgin Islands, U.S.","Virgin Islands, U.S."
cw-,Curaçao,Curaao
cw_,Curaçao,Curaao
sx-,Sint Maarten (Dutch Part),Sint Maarten (Dutch Part)
sx_,Sint Maarten (Dutch Part),Sint Maarten (Dutch Part)
dm-,Dominica,Dominica
dm_,Dominica,Dominica
path5930,Tonga,Tonga
path5932,Tonga,Tonga
to_,Tonga,Tonga
path4790,Kiribati,Kiribati
path4788,Kiribati,Kiribati
ki_,Kiribati,Kiribati
fm-,"Micronesia, Federated States of", Federated States of Micronesia
fm_,"Micronesia, Federated States of", Federated States of Micronesia
bh-,Bahrain,Bahrain
bh_,Bahrain,Bahrain
ad-,Andorra,Andorra
ad_,Andorra,Andorra
mp-,Northern Mariana Islands,Northern Mariana Islands
mp_,Northern Mariana Islands,Northern Mariana Islands
pw-,Palau,Palau
pw_,Palau,Palau
sc-,"Seychelles, Republic of", Republic of Seychelles
sc_,"Seychelles, Republic of", Republic of Seychelles
io-,British Indian Ocean Territory,British Indian Ocean Territory
io_,British Indian Ocean Territory,British Indian Ocean Territory
path6116,Antigua and Barbuda,Antigua and Barbuda
path6118,Antigua and Barbuda,Antigua and Barbuda
ag_,Antigua and Barbuda,Antigua and Barbuda
bb-,Barbados,Barbados
bb_,Barbados,Barbados
path5528,Turks and Caicos Islands,Turks and Caicos Islands
path5532,Turks and Caicos Islands,Turks and Caicos Islands
path5534,Turks and Caicos Islands,Turks and Caicos Islands
tc_,Turks and Caicos Islands,Turks and Caicos Islands
vc-,Saint Vincent and the Grenadines,Saint Vincent and the Grenadines
vc_,Saint Vincent and the Grenadines,Saint Vincent and the Grenadines
lc-,Saint Lucia,Saint Lucia
lc_,Saint Lucia,Saint Lucia
gd-,Grenada,Grenada
gd_,Grenada,Grenada
mt-,Malta,Malta
mt_,Malta,Malta
mv-,"Maldives, Republic of", Republic of Maldives
mv_,"Maldives, Republic of", Republic of Maldives
ky-,Cayman Islands,Cayman Islands
ky_,Cayman Islands,Cayman Islands
saint_kitts_and_nevis_saint_kitts,Saint Kitts and Nevis,Saint Kitts and Nevis
saint_kitts_and_nevis_nevis,Saint Kitts and Nevis,Saint Kitts and Nevis
kn_,Saint Kitts and Nevis,Saint Kitts and Nevis
ms-,Montserrat,Montserrat
ms_,Montserrat,Montserrat
bl-,Saint BarthÃ©lemy,Saint BarthŽlemy (St. Barts)
bl_,Saint BarthÃ©lemy,Saint BarthŽlemy (St. Barts)
nu-,Niue,Niue
nu_,Niue,Niue
pm-,Saint Pierre and Miquelon,Saint Pierre and Miquelon
pm_,Saint Pierre and Miquelon,Saint Pierre and Miquelon
ck-,Cook Islands,Cook Islands
ck_,Cook Islands,Cook Islands
wf-,Wallis and Futuna,Wallis and Futuna
wf_,Wallis and Futuna,Wallis and Futuna
as-,American Samoa,American Samoa
as_,American Samoa,American Samoa
mh-,"Marshall Islands, Republic of the", Republic of the Marshall Islands
mh_,"Marshall Islands, Republic of the", Republic of the Marshall Islands
aw-,Aruba,Aruba
aw_,Aruba,Aruba
li-,Liechtenstein,Liechtenstein
li_,Liechtenstein,Liechtenstein
path5522,"Virgin Islands, British", British
path5524,"Virgin Islands, British", British
vg_,"Virgin Islands, British", British
sh-,"Saint Helena, Ascension and Tristan da Cunha", Ascension and Tristan da Cunha
sh_,"Saint Helena, Ascension and Tristan da Cunha", Ascension and Tristan da Cunha
je-,Jersey,Jersey
je_,Jersey,Jersey
ai-,Anguilla,Anguilla
ai_,Anguilla,Anguilla
mf-,Saint Martin (French Part),Saint Martin (French Part)
mf_,Saint Martin (French Part),Saint Martin (French Part)
gg-,Guernsey,Guernsey
gg_,Guernsey,Guernsey
sm-,San Marino,San Marino
sm_,San Marino,San Marino
bm-,Bermuda,Bermuda
bm_,Bermuda,Bermuda
tv-,Tuvalu,Tuvalu
tv_,Tuvalu,Tuvalu
nr-,Nauru,Nauru
nr_,Nauru,Nauru
gi-,Gibraltar,Gibraltar
gi_,Gibraltar,Gibraltar
pn-,Pitcairn Islands,Pitcairn Islands
pn_,Pitcairn Islands,Pitcairn Islands
mc-,Monaco,Monaco
mc_,Monaco,Monaco
va-,Vatican City,Vatican City
va_,Vatican City,Vatican City
im-,Isle of Man,Isle of Man
im_,Isle of Man,Isle of Man
gu-,Guam,Guam
gu_,Guam,Guam
sg-,Singapore,Singapore
sg_,Singapore,Singapore
tk-,Tokelau,Tokelau
tk_,Tokelau,Tokelau